Municipality,ST,2024 estimate,2020 census,2020 land area mi2,2020 density mi2,Type,lat,long
New York,NY,8478072,8804190,300.5,29298,State's largest municipality,40.66,-73.94
Los Angeles,CA,3878704,3898747,469.5,8304,State's largest municipality,34.02,-118.41
Chicago,IL,2721308,2746388,227.7,12061,State's largest municipality,41.84,-87.68
Houston,TX,2390125,2304580,640.4,3599,State's largest municipality,29.79,-95.39
Phoenix,AZ,1673164,1608139,518,3105,State capital and largest municipality,33.57,-112.09
Philadelphia,PA,1573916,1603797,134.4,11933,State's largest municipality,40.01,-75.13
San Antonio,TX,1526656,1434625,498.8,2876,State's second largest municipality,29.46,-98.52
San Diego,CA,1404452,1386932,325.9,4256,State's second largest municipality,32.81,-117.14
Dallas,TX,1326087,1304379,339.6,3841,City,32.79,-96.77
Jacksonville,FL,1009833,949611,747.3,1271,State's largest municipality,30.34,-81.66
Fort Worth,TX,1008106,918915,347.3,2646,City,32.78,-97.35
San Jose,CA,997368,1013240,178.3,5683,City,37.3,-121.81
Austin,TX,993588,961855,319.9,3007,State capital,30.3,-97.75
Charlotte,NC,943476,874579,308.3,2837,State's largest municipality,35.21,-80.83
Columbus,OH,933263,905748,220,4117,State capital and largest municipality,39.99,-82.99
Indianapolis,IN,891484,887642,361.6,2455,State capital and largest municipality,39.78,-86.15
San Francisco,CA,827526,873965,46.9,18635,City,37.73,-123.03
Seattle,WA,780995,737015,83.8,8795,State's largest municipality,47.62,-122.35
Denver,CO,729019,715522,153.1,4674,State capital and largest municipality,39.76,-104.88
Oklahoma City,OK,712919,681054,606.2,1123,State capital and largest municipality,35.47,-97.51
Nashville,TN,704963,689447,475.8,1449,State capital and largest municipality,36.17,-86.79
Washington,DC,702250,689545,61.1,11286,Federal capital,38.9,-77.02
El Paso,TX,681723,678815,258.4,2627,City,31.85,-106.43
Las Vegas,NV,678922,641903,141.8,4527,State's largest municipality,36.23,-115.26
Boston,MA,673458,675647,48.3,13989,State capital and largest municipality,42.34,-71.02
Detroit,MI,645705,639111,138.7,4608,State's largest municipality,42.38,-83.1
Louisville,KY,640796,633045,324.9,1948,State's largest municipality,38.17,-85.65
Portland,OR,635749,652503,133.5,4888,State's largest municipality,45.54,-122.65
Memphis,TN,610919,633104,297,2132,City,35.11,-89.97
Baltimore,MD,568271,585708,80.9,7240,State's largest municipality,39.3,-76.61
Milwaukee,WI,563531,577222,96.2,6000,State's largest municipality,43.06,-87.97
Albuquerque,NM,560326,564559,187.3,3014,State's largest municipality,35.1,-106.65
Tucson,AZ,554013,542629,241,2252,State's second largest municipality,32.15,-110.87
Fresno,CA,550105,542107,115.2,4706,City,36.78,-119.79
Sacramento,CA,535798,524943,98.6,5324,State capital,38.57,-121.47
Atlanta,GA,520070,498715,135.3,3686,State capital and largest municipality,33.76,-84.42
Mesa,AZ,517151,504258,138.7,3636,City,33.4,-111.72
Kansas City,MO,516032,508090,314.7,1615,State's largest municipality,39.12,-94.56
Raleigh,NC,499825,467665,147.1,3179,State capital,35.83,-78.64
Colorado Springs,CO,493554,478961,195.4,2451,City,38.87,-104.76
Omaha,NE,489265,486051,141.6,3433,State's largest municipality,41.26,-96.05
Miami,FL,487014,442241,36,12284,City,25.78,-80.21
Virginia Beach,VA,454808,459470,244.7,1878,State's largest municipality,36.78,-76.03
Long Beach,CA,450901,466742,50.7,9206,City,33.78,-118.17
Oakland,CA,443554,440646,55.9,7883,City,37.77,-122.23
Minneapolis,MN,428579,429954,54,7962,State's largest municipality,44.96,-93.27
Bakersfield,CA,417468,403455,149.8,2693,City,35.35,-119.04
Tulsa,OK,415154,413066,197.5,2091,City,36.13,-95.9
Tampa,FL,414547,384959,114,3377,City,27.97,-82.47
Arlington,TX,403672,394266,95.9,4111,City,32.7,-97.12
Aurora,CO,403130,386261,160.1,2413,City,39.7,-104.72
Wichita,KS,400991,397532,162,2454,State's largest municipality,37.69,-97.35
Cleveland,OH,365379,372624,77.7,4796,City,41.48,-81.68
New Orleans,LA,362701,383997,169.5,2265,State's largest municipality,30.05,-89.93
Henderson,NV,350039,317610,106.2,2991,City,36.01,-115.04
Honolulu,HI,344967,350964,60.5,5801,State capital and largest municipality,21.32,-157.85
Anaheim,CA,344561,346824,50.3,6895,City,33.86,-117.76
Orlando,FL,334854,307573,110.6,2781,City,28.41,-81.25
Lexington,KY,329437,322570,283.6,1137,City,38.04,-84.46
Stockton,CA,324975,320804,62.2,5158,City,37.98,-121.31
Riverside,CA,323757,314998,81.2,3879,City,33.94,-117.39
Irvine,CA,318683,307670,65.6,4690,City,33.68,-117.77
Corpus Christi,TX,317317,317863,162.2,1960,City,27.75,-97.17
Newark,NJ,317303,311549,24.1,12927,State's largest municipality,40.72,-74.17
Santa Ana,CA,316184,310227,27.3,11364,City,33.74,-117.88
Cincinnati,OH,314915,309317,77.8,3976,City,39.14,-84.51
Pittsburgh,PA,307668,302971,55.4,5469,City,40.44,-79.98
Saint Paul,MN,307465,311527,52,5991,State capital,44.95,-93.1
Greensboro,NC,307381,299035,129.6,2307,City,36.1,-79.83
Jersey City,NJ,302824,292449,14.7,19894,City,40.71,-74.06
Durham,NC,301870,283506,112.8,2513,City,35.98,-78.9
Lincoln,NE,300619,291082,97.7,2979,State capital,40.81,-96.68
North Las Vegas,NV,294034,262527,101.3,2592,City,36.28,-115.09
Plano,TX,293286,285494,71.7,3982,City,33.05,-96.75
Anchorage,AK,289600,291247,1706.8,171,State's largest municipality,61.17,-149.28
Gilbert,AZ,288790,267918,68.6,3906,City,33.31,-111.74
Madison,WI,285300,269840,79.6,3390,State capital,43.09,-89.43
Reno,NV,281714,264165,108.8,2428,City,39.55,-119.85
Chandler,AZ,281231,275987,65.3,4226,City,33.28,-111.85
St. Louis,MO,279695,301578,61.7,4888,City,38.64,-90.24
Chula Vista,CA,278546,275487,49.6,5554,City,32.63,-117.02
Buffalo,NY,276617,278349,40.4,6890,City,42.89,-78.86
Fort Wayne,IN,273203,263886,110.7,2384,State's second largest municipality,41.09,-85.14
Lubbock,TX,272086,257141,134.6,1910,City,33.57,-101.89
St. Petersburg,FL,267102,258308,61.8,4180,City,27.77,-82.64
Toledo,OH,265638,270871,80.5,3365,City,41.66,-83.58
Laredo,TX,261260,255205,106.5,2396,City,27.56,-99.49
Port St. Lucie,FL,258575,204851,119.2,1719,City,27.28,-80.39
Glendale,AZ,258143,248325,61.6,4031,City,33.53,-112.19
Irving,TX,258060,256684,67,3831,City,32.86,-96.97
Winston-Salem,NC,255769,249545,132.7,1881,City,36.1,-80.26
Chesapeake,VA,254997,249422,338.5,737,City,36.68,-76.3
Garland,TX,250431,246018,57.1,4309,City,32.91,-96.63
Scottsdale,AZ,246170,241361,184,1312,City,33.68,-111.86
Boise,ID,237963,235684,84,2806,State capital and largest municipality,43.6,-116.23
Hialeah,FL,235388,223109,21.6,10329,City,25.87,-80.3
Frisco,TX,235208,200509,68.6,2923,City,33.16,-96.82
Richmond,VA,233655,226610,59.9,3783,State capital,37.53,-77.48
Cape Coral,FL,233025,194016,106,1830,City,26.65,-81.99
Norfolk,VA,231105,238005,53.3,4465,City,36.92,-76.24
Spokane,WA,230609,228989,68.8,3328,City,47.67,-117.43
Huntsville,AL,230402,215006,218.1,986,State's largest municipality,34.78,-86.53
Santa Clarita,CA,229159,228673,70.8,3230,City,34.41,-118.49
Tacoma,WA,228202,219346,49.7,4413,City,47.25,-122.46
Fremont,CA,228192,230504,78.3,2944,City,37.49,-121.94
McKinney,TX,227526,195308,67,2915,City,33.2,-96.66
San Bernardino,CA,224775,222101,62.1,3577,City,34.14,-117.29
Baton Rouge,LA,220907,227470,86.3,2636,State capital,30.44,-91.13
Modesto,CA,220592,218464,43,5081,City,37.64,-121
Fontana,CA,218455,208393,43.1,4835,City,34.11,-117.46
Salt Lake City,UT,217783,199723,110.3,1811,State capital and largest municipality,40.78,-111.93
Moreno Valley,CA,213919,208634,51.3,4067,City,33.92,-117.21
Des Moines,IA,213096,214133,88.2,2428,State capital and largest municipality,41.57,-93.61
Worcester,MA,211286,206518,37.4,5522,City,42.27,-71.81
Yonkers,NY,211040,211569,18,11754,City,40.95,-73.87
Fayetteville,NC,209496,208501,148.3,1406,City,35.08,-78.97
Sioux Falls,SD,209289,192517,79.1,2434,State's largest municipality,43.54,-96.73
Grand Prairie,TX,207331,196100,72.6,2701,City,32.69,-97.02
Rochester,NY,207282,211328,35.8,5903,City,43.17,-77.62
Tallahassee,FL,205089,196169,100.9,1944,State capital,30.46,-84.25
Little Rock,AR,204774,202591,120,1688,State capital and largest municipality,34.72,-92.36
Amarillo,TX,203729,200393,102.3,1959,City,35.2,-101.83
Overland Park,KS,202893,197238,75.2,2623,City,38.89,-94.69
Columbus,GA,201830,206922,216.5,956,City,32.51,-84.87
Augusta,GA,201737,202081,302.3,668,City,33.37,-82.07
Mobile,AL,201367,187041,139.5,1341,City,30.67,-88.1
Oxnard,CA,200616,202063,26.5,7625,City,34.2,-119.21
Grand Rapids,MI,200117,198917,44.8,4440,City,42.96,-85.66
Peoria,AZ,199924,190985,176.1,1085,City,33.79,-112.31
Vancouver,WA,198992,190915,48.7,3920,City,45.64,-122.6
Knoxville,TN,198722,190740,98.7,1933,City,35.97,-83.95
Birmingham,AL,196357,200733,147,1366,City,33.53,-86.8
Montgomery,AL,195818,200603,159.9,1255,State capital,32.35,-86.27
Providence,RI,194706,190934,18.4,10377,State capital and largest municipality,41.82,-71.42
Huntington Beach,CA,193151,198711,27,7360,City,33.7,-118
Brownsville,TX,191967,186738,131.5,1420,City,26,-97.45
Chattanooga,TN,191496,181099,142.4,1272,City,35.07,-85.25
Fort Lauderdale,FL,190641,182760,34.6,5282,City,26.14,-80.15
Tempe,AZ,190114,180587,39.9,4526,City,33.39,-111.93
Akron,OH,189664,190469,61.9,3077,City,41.08,-81.52
Glendale,CA,187823,196543,30.5,6444,City,34.18,-118.25
Clarksville,TN,185690,166722,99.4,1677,City,36.57,-87.35
Ontario,CA,185285,175265,50,3505,City,34.04,-117.6
Newport News,VA,183056,186247,69,2699,City,37.08,-76.52
Elk Grove,CA,182797,176124,42,4193,City,38.41,-121.38
Cary,NC,182659,174721,59.2,2951,City,35.78,-78.82
Aurora,IL,180710,180542,45,4012,State's second largest municipality,41.76,-88.29
Salem,OR,180406,175535,48.8,3597,State capital,44.92,-123.02
Pembroke Pines,FL,179326,171178,32.7,5235,City,26.01,-80.34
Eugene,OR,178786,176654,44.2,3997,City,44.06,-123.12
Santa Rosa,CA,177524,178127,42.5,4191,City,38.45,-122.71
Rancho Cucamonga,CA,176675,174453,40.1,4350,City,34.12,-117.56
Shreveport,LA,176578,187593,107.8,1740,City,32.47,-93.79
Garden Grove,CA,172361,171949,18,9553,City,33.78,-117.96
Oceanside,CA,170941,174068,41.3,4215,City,33.22,-117.31
Fort Collins,CO,170924,169810,57.2,2969,City,40.55,-105.06
Springfield,MO,170596,169176,82.4,2053,City,37.19,-93.29
Murfreesboro,TN,168387,152769,62.9,2429,City,35.85,-86.42
Surprise,AZ,167564,143148,110.3,1298,City,33.67,-112.45
Lancaster,CA,167426,173516,94.3,1840,City,34.69,-118.18
Denton,TX,165998,139869,96.4,1451,City,33.22,-97.14
Roseville,CA,163304,147773,44.1,3351,City,38.77,-121.32
Palmdale,CA,162536,169450,106.1,1597,City,34.59,-118.11
Corona,CA,161540,157136,39.9,3938,City,33.86,-117.57
Salinas,CA,160783,163542,23.5,6959,City,36.69,-121.63
Killeen,TX,160616,153095,54.8,2794,City,31.08,-97.73
Paterson,NJ,160463,159732,8.4,19016,City,40.91,-74.16
Alexandria,VA,159102,159467,14.9,10702,City,38.82,-77.08
Hollywood,FL,159073,153067,27.3,5607,City,26.03,-80.16
Hayward,CA,158440,162954,45.8,3558,City,37.63,-122.1
Charleston,SC,157665,150227,114.8,1309,State's largest municipality,32.83,-79.97
Macon,GA,157056,157346,249.4,631,City,32.81,-83.69
Lakewood,CO,156868,155984,43.5,3586,City,39.7,-105.12
Sunnyvale,CA,156792,155805,22.1,7050,City,37.39,-122.03
Kansas City,KS,156752,156607,124.7,1256,City,39.12,-94.74
Springfield,MA,154888,155929,31.9,4888,City,42.12,-72.54
Bellevue,WA,154377,151854,33.5,4533,City,47.6,-122.16
Naperville,IL,153124,149540,39.1,3825,City,41.75,-88.16
Joliet,IL,151837,150362,64.5,2331,City,41.52,-88.15
Bridgeport,CT,151599,148654,16.1,9233,State's largest municipality,41.19,-73.2
Mesquite,TX,150140,150108,48.5,3095,City,32.76,-96.59
Pasadena,TX,149617,151950,43.7,3477,City,29.65,-95.15
Olathe,KS,149035,141290,61.9,2283,City,38.88,-94.82
Escondido,CA,148847,151038,37.3,4049,City,33.13,-117.07
Savannah,GA,148808,147780,106.8,1384,City,32,-81.15
McAllen,TX,148782,142210,62.3,2283,City,26.22,-98.25
Gainesville,FL,148720,141085,63.2,2232,City,29.68,-82.35
Pomona,CA,147966,151713,23,6596,City,34.06,-117.76
Rockford,IL,147486,148655,64.5,2305,City,42.26,-89.06
Thornton,CO,146689,141867,35.9,3952,City,39.92,-104.94
Waco,TX,146608,138486,88.7,1561,City,31.56,-97.19
Visalia,CA,146271,141384,37.9,3730,City,36.33,-119.33
Syracuse,NY,146097,148620,25.1,5921,City,43.04,-76.14
Columbia,SC,144788,136632,136.8,999,State capital,34.04,-80.91
Midland,TX,143687,132524,75.5,1755,City,32.02,-102.11
Miramar,FL,143242,134721,28.9,4662,City,25.97,-80.34
Palm Bay,FL,142023,119760,86.4,1386,City,27.96,-80.66
Lakewood,NJ,141985,135158,24.7,5472,City,40.08,-74.2
Jackson,MS,141449,153701,111.7,1376,State capital and largest municipality,32.32,-90.21
Coral Springs,FL,140808,134394,22.9,5869,City,26.27,-80.26
Victorville,CA,140721,134810,73.7,1829,City,34.53,-117.35
Elizabeth,NJ,140413,137298,12.3,11162,City,40.67,-74.19
Fullerton,CA,140054,143617,22.4,6411,City,33.89,-117.93
Meridian,ID,139740,117635,35.1,3351,City,43.61,-116.4
Torrance,CA,139576,147067,20.5,7174,City,33.83,-118.36
Stamford,CT,139134,135470,37.6,3603,City,41.08,-73.55
West Valley City,UT,138144,140230,35.8,3917,City,40.69,-112.01
Orange,CA,137941,139911,25.7,5444,City,33.79,-117.86
Cedar Rapids,IA,137904,137710,72.1,1910,City,41.97,-91.68
Warren,MI,137686,139387,34.4,4052,City,42.49,-83.03
Hampton,VA,137596,137148,51.5,2663,City,37.05,-76.3
New Haven,CT,137562,134023,18.7,7167,City,41.31,-72.92
Pasadena,CA,137195,138699,23,6030,City,34.16,-118.14
Kent,WA,136588,136588,33.8,4041,City,47.39,-122.21
Dayton,OH,136346,137644,55.8,2467,City,39.78,-84.2
Fargo,ND,136285,125990,49.8,2530,State's largest municipality,46.86,-96.83
Lewisville,TX,135983,111822,37,3022,City,33.05,-96.98
Carrollton,TX,135456,133434,36.7,3636,City,32.99,-96.9
Round Rock,TX,135359,119468,37.6,3177,City,30.53,-97.66
Sterling Heights,MI,134342,134346,36.4,3691,City,42.58,-83.03
Santa Clara,CA,133132,127647,18.3,6975,City,37.36,-121.97
Norman,OK,131010,128026,178.8,716,City,35.24,-97.35
Columbia,MO,130900,126254,66.5,1899,City,38.95,-92.33
Abilene,TX,130501,125182,106.7,1173,City,32.45,-99.74
Pearland,TX,129620,125828,48.7,2584,City,29.56,-95.32
Athens,GA,128691,127315,116.3,1095,City,33.95,-83.37
College Station,TX,128023,120511,51.2,2354,City,30.59,-96.3
Clovis,CA,127993,120124,25.4,4729,City,36.83,-119.68
West Palm Beach,FL,127744,117415,53.8,2182,City,26.75,-80.13
Allentown,PA,127138,125845,17.6,7150,City,40.59,-75.48
North Charleston,SC,126005,114852,77.6,1480,City,32.92,-80.07
Simi Valley,CA,125778,126356,41.5,3045,City,34.27,-118.75
Topeka,KS,125467,126587,61.4,2062,State capital,39.03,-95.69
Wilmington,NC,125284,115451,51.4,2246,City,34.21,-77.89
Lakeland,FL,124990,112641,66.2,1702,City,28.06,-81.95
Thousand Oaks,CA,124229,126966,55.3,2296,City,34.19,-118.87
Concord,CA,124016,125410,30.6,4098,City,37.97,-122
Rochester,MN,123624,121395,55.5,2187,City,44.02,-92.48
Vallejo,CA,123475,126090,30.4,4148,City,38.11,-122.26
Ann Arbor,MI,122925,123851,28.2,4392,City,42.28,-83.73
Broken Arrow,OK,122756,113540,63,1802,City,36.04,-95.78
Fairfield,CA,122646,119881,41.6,2882,City,38.26,-122.03
Lafayette,LA,122280,121374,55.8,2175,City,30.21,-92.03
Hartford,CT,122129,121054,17.4,6957,State capital,41.77,-72.68
Arvada,CO,121873,124402,38.9,3198,City,39.83,-105.15
Berkeley,CA,121749,124321,10.4,11954,City,37.87,-122.3
Independence,MO,121629,123011,78,1577,City,39.09,-94.35
Billings,MT,121483,117116,44.8,2614,State's largest municipality,45.79,-108.55
Cambridge,MA,121186,118403,6.4,18500,City,42.38,-71.12
Lowell,MA,120418,115554,13.6,8497,City,42.64,-71.32
Odessa,TX,119748,114428,51.1,2239,City,31.88,-102.35
High Point,NC,118601,114059,56.4,2022,City,35.99,-79.99
League City,TX,118456,114392,51.3,2230,City,29.49,-95.11
Antioch,CA,118453,115291,29.2,3948,City,37.98,-121.8
Richardson,TX,118221,119469,28.6,4177,City,32.97,-96.71
Goodyear,AZ,118186,95294,191.3,498,City,33.25,-112.37
Pompano Beach,FL,118104,112046,24,4669,City,26.24,-80.13
Nampa,ID,117350,100200,33.5,2991,State's second largest municipality,43.58,-116.56
Menifee,CA,117041,102527,46.5,2205,City,33.69,-117.18
Las Cruces,NM,116998,111385,76.9,1448,City,32.33,-106.79
Clearwater,FL,116811,117292,26.1,4494,City,27.98,-82.77
West Jordan,UT,116688,116961,32.3,3621,City,40.6,-112
New Braunfels,TX,116477,90403,45.2,2000,City,29.7,-98.12
Manchester,NH,116386,115644,33.1,3494,State's largest municipality,42.98,-71.44
Miami Gardens,FL,116173,111640,18.2,6134,City,25.95,-80.24
Waterbury,CT,115908,114403,28.5,4014,City,41.56,-73.04
Provo,UT,115479,115162,41.7,2762,City,40.25,-111.65
Evansville,IN,115395,117298,47.4,2475,City,37.99,-87.53
Richmond,CA,115353,116448,30.1,3869,City,37.95,-122.36
Westminster,CO,115302,116317,31.6,3681,City,39.88,-105.06
Elgin,IL,114701,114797,38,3021,City,42.04,-88.33
Conroe,TX,114581,89956,72,1249,City,30.32,-95.49
Greeley,CO,114363,108795,48.9,2225,City,40.41,-104.77
Lansing,MI,114336,112644,39.1,2881,State capital,42.71,-84.56
Buckeye,AZ,114334,91502,393,233,City,33.43,-112.64
Tuscaloosa,AL,114288,99600,61.9,1609,City,33.23,-87.53
Allen,TX,113746,104627,26.4,3963,City,33.11,-96.67
Carlsbad,CA,113575,114746,37.8,3036,City,33.13,-117.28
Everett,WA,113011,110629,33.2,3332,City,47.95,-122.19
Springfield,IL,112949,114394,61.1,1872,State capital,39.79,-89.64
Beaumont,TX,112893,115282,82.5,1397,City,30.08,-94.15
Murrieta,CA,112539,110949,33.6,3302,City,33.57,-117.19
Rio Rancho,NM,112524,104046,103.4,1006,City,35.29,-106.7
Temecula,CA,112431,110003,37.3,2949,City,33.49,-117.13
Concord,NC,112395,105240,63.5,1657,City,35.39,-80.64
Tyler,TX,112219,105995,57.5,1843,City,32.32,-95.31
Davie,FL,112052,105691,34.9,3028,City,26.08,-80.28
South Fulton,GA,112003,107436,85.2,1261,City,33.66,-84.57
Peoria,IL,111696,113150,48,2357,City,40.75,-89.62
Sparks,NV,111520,108445,36.4,2979,City,39.57,-119.72
Gresham,OR,111507,114247,23.5,4862,City,45.5,-122.44
Santa Maria,CA,111346,109707,22.8,4812,City,34.93,-120.44
Pueblo,CO,111166,111876,55.4,2019,City,38.27,-104.61
Hillsboro,OR,110337,106447,25.7,4142,City,45.53,-122.94
Edison,NJ,110002,107588,30.1,3574,City,40.5,-74.35
Sugar Land,TX,109851,111026,40.5,2741,City,29.59,-95.63
Ventura,CA,109831,110763,21.9,5058,City,34.27,-119.25
Downey,CA,109368,114355,12.4,9222,City,33.94,-118.13
Costa Mesa,CA,109131,111918,15.8,7083,City,33.67,-117.91
Centennial,CO,108853,108418,29.7,3650,City,39.59,-104.87
Edinburg,TX,108733,100243,44.7,2243,City,26.32,-98.16
Spokane Valley,WA,108267,102976,37.7,2731,City,47.66,-117.23
Jurupa Valley,CA,108154,105053,42.9,2449,City,34,-117.47
Bend,OR,106926,99178,33.6,2952,City,44.06,-121.31
West Covina,CA,106920,109501,16,6844,City,34.06,-117.91
Boulder,CO,106803,108250,26.3,4116,City,40.02,-105.25
Palm Coast,FL,106729,89258,95.4,936,City,29.54,-81.24
Lee's Summit,MO,106419,101108,63.9,1582,City,38.92,-94.38
Dearborn,MI,106377,109976,24.2,4544,City,42.31,-83.21
Green Bay,WI,106311,107395,45.5,2360,City,44.52,-87.99
St. George,UT,106288,95342,78.5,1215,City,37.08,-113.56
Woodbridge,NJ,106101,103639,23.3,4448,City,40.56,-74.29
Brockton,MA,105788,105643,21.3,4960,City,42.08,-71.02
Renton,WA,105543,106785,23.5,4544,City,47.48,-122.19
Sandy Springs,GA,105505,108080,37.7,2867,City,33.93,-84.37
Rialto,CA,104918,104026,24.1,4316,City,34.12,-117.39
El Monte,CA,104639,109450,9.6,11401,City,34.07,-118.03
Vacaville,CA,103994,102386,29.9,3424,City,38.36,-121.97
Fishers,IN,103986,98977,35.6,2780,City,39.96,-85.97
South Bend,IN,103713,103453,42,2463,City,41.68,-86.27
Carmel,IN,103606,99757,49.1,2032,City,39.97,-86.15
Yuma,AZ,103559,95548,120.7,792,City,32.52,-114.52
Burbank,CA,103533,107337,17.3,6204,City,34.19,-118.33
Lynn,MA,103489,101253,10.7,9463,City,42.47,-70.96
Quincy,MA,103434,101636,16.6,6123,City,42.26,-71.01
El Cajon,CA,103291,106215,14.5,7325,City,32.8,-116.96
Fayetteville,AR,103134,93949,54.1,1737,City,36.07,-94.17
Suffolk,VA,103105,94324,399.2,236,City,36.7,-76.63
San Mateo,CA,103006,105661,12.1,8732,City,37.56,-122.31
Chico,CA,102911,101475,34.1,2976,City,39.76,-121.82
Inglewood,CA,102774,107762,9.1,11842,City,33.96,-118.34
Wichita Falls,TX,102372,102316,72,1421,City,33.91,-98.53
Boca Raton,FL,102238,97422,29.2,3336,City,26.37,-80.1
Hesperia,CA,101836,99818,72.7,1373,City,34.4,-117.32
Daly City,CA,101418,104901,7.6,13803,City,37.69,-122.47
Clinton,MI,101359,100513,28,3590,City,42.59,-82.92
Georgetown,TX,101344,67176,57.3,1172,City,30.67,-97.7
New Bedford,MA,101318,101079,20,5054,City,41.66,-70.94
Albany,NY,101317,99224,21.4,4637,State capital,42.67,-73.8
Davenport,IA,100938,101724,63.8,1594,City,41.56,-90.6
Plantation,FL,100694,91750,21.8,4209,City,26.13,-80.26
Deltona,FL,100513,93692,37.3,2512,City,28.91,-81.21
Federal Way,WA,100252,101030,22.3,4530,City,47.31,-122.34
San Angelo,TX,100159,99893,59.7,1673,City,31.44,-100.45
Tracy,CA,100136,93000,25.9,3591,City,37.73,-121.45
Sunrise,FL,100128,97335,16.2,6008,City,26.17,-80.26
